,ROI Label,ROI Name,X,Y,Z,schaef7,schaef17,schaef17_hemi
,1,17Networks_LH_VisCent_ExStr_1,-36,-62,-17,1,1,1
,2,17Networks_LH_VisCent_ExStr_2,-23,-73,-10,1,1,1
,3,17Networks_LH_VisCent_ExStr_3,-36,-81,-16,1,1,1
,4,17Networks_LH_VisCent_ExStr_4,-17,-86,-15,1,1,1
,5,17Networks_LH_VisCent_ExStr_5,-24,-97,-12,1,1,1
,6,17Networks_LH_VisCent_ExStr_6,-41,-87,-3,1,1,1
,7,17Networks_LH_VisCent_Striate_1,-7,-98,-7,1,1,1
,8,17Networks_LH_VisCent_ExStr_7,-46,-73,6,1,1,1
,9,17Networks_LH_VisCent_ExStr_8,-24,-96,6,1,1,1
,10,17Networks_LH_VisCent_ExStr_9,-39,-84,14,1,1,1
,11,17Networks_LH_VisCent_ExStr_10,-11,-97,17,1,1,1
,12,17Networks_LH_VisCent_ExStr_11,-25,-85,21,1,1,1
,13,17Networks_LH_VisPeri_ExStrInf_1,-24,-55,-8,1,2,2
,14,17Networks_LH_VisPeri_ExStrInf_2,-12,-62,-5,1,2,2
,15,17Networks_LH_VisPeri_ExStrInf_3,-7,-76,-6,1,2,2
,16,17Networks_LH_VisPeri_ExStrInf_4,-13,-43,-5,1,2,2
,17,17Networks_LH_VisPeri_ExStrInf_5,-14,-57,1,1,2,2
,18,17Networks_LH_VisPeri_StriCal_1,-5,-88,2,1,2,2
,19,17Networks_LH_VisPeri_StriCal_2,-7,-74,9,1,2,2
,20,17Networks_LH_VisPeri_ExStrSup_1,-19,-65,7,1,2,2
,21,17Networks_LH_VisPeri_ExStrSup_2,-3,-84,24,1,2,2
,22,17Networks_LH_VisPeri_ExStrSup_3,-12,-71,20,1,2,2
,23,17Networks_LH_VisPeri_ExStrSup_4,-16,-89,33,1,2,2
,24,17Networks_LH_VisPeri_ExStrSup_5,-12,-81,36,1,2,2
,25,17Networks_LH_SomMotA_1,-8,-15,47,2,3,3
,26,17Networks_LH_SomMotA_2,-41,-14,47,2,3,3
,27,17Networks_LH_SomMotA_3,-49,-17,54,2,3,3
,28,17Networks_LH_SomMotA_4,-48,-29,58,2,3,3
,29,17Networks_LH_SomMotA_5,-39,-25,53,2,3,3
,30,17Networks_LH_SomMotA_6,-9,-38,54,2,3,3
,31,17Networks_LH_SomMotA_7,-4,-25,56,2,3,3
,32,17Networks_LH_SomMotA_8,-4,-9,59,2,3,3
,33,17Networks_LH_SomMotA_9,-36,-19,65,2,3,3
,34,17Networks_LH_SomMotA_10,-32,-29,63,2,3,3
,35,17Networks_LH_SomMotA_11,-30,-38,65,2,3,3
,36,17Networks_LH_SomMotA_12,-23,-11,65,2,3,3
,37,17Networks_LH_SomMotA_13,-19,-24,67,2,3,3
,38,17Networks_LH_SomMotA_14,-9,-42,70,2,3,3
,39,17Networks_LH_SomMotA_15,-4,-25,69,2,3,3
,40,17Networks_LH_SomMotA_16,-14,-11,73,2,3,3
,41,17Networks_LH_SomMotA_17,-19,-31,69,2,3,3
,42,17Networks_LH_SomMotA_18,-19,-40,72,2,3,3
,43,17Networks_LH_SomMotA_19,-12,-27,73,2,3,3
,44,17Networks_LH_SomMotB_Aud_1,-50,-9,0,2,4,4
,45,17Networks_LH_SomMotB_Aud_2,-56,-22,8,2,4,4
,46,17Networks_LH_SomMotB_Ins_1,-36,-24,10,2,4,4
,47,17Networks_LH_SomMotB_S2_1,-38,-9,13,2,4,4
,48,17Networks_LH_SomMotB_S2_2,-36,-26,19,2,4,4
,49,17Networks_LH_SomMotB_Aud_3,-59,-37,16,2,4,4
,50,17Networks_LH_SomMotB_Aud_4,-41,-35,14,2,4,4
,51,17Networks_LH_SomMotB_S2_3,-49,-13,14,2,4,4
,52,17Networks_LH_SomMotB_S2_4,-60,-2,11,2,4,4
,53,17Networks_LH_SomMotB_S2_5,-48,-24,18,2,4,4
,54,17Networks_LH_SomMotB_S2_6,-61,-18,19,2,4,4
,55,17Networks_LH_SomMotB_Cent_1,-59,-2,23,2,4,4
,56,17Networks_LH_SomMotB_Cent_2,-63,-10,31,2,4,4
,57,17Networks_LH_SomMotB_Cent_3,-53,-9,30,2,4,4
,58,17Networks_LH_SomMotB_Cent_4,-51,-7,43,2,4,4
,59,17Networks_LH_SomMotB_Cent_5,-48,-16,40,2,4,4
,60,17Networks_LH_DorsAttnA_TempOcc_1,-45,-42,-21,3,5,5
,61,17Networks_LH_DorsAttnA_TempOcc_2,-33,-42,-21,3,5,5
,62,17Networks_LH_DorsAttnA_TempOcc_3,-49,-56,-15,3,5,5
,63,17Networks_LH_DorsAttnA_TempOcc_4,-45,-70,-8,3,5,5
,64,17Networks_LH_DorsAttnA_ParOcc_1,-48,-65,15,3,5,5
,65,17Networks_LH_DorsAttnA_ParOcc_2,-32,-84,27,3,5,5
,66,17Networks_LH_DorsAttnA_SPL_1,-26,-70,31,3,5,5
,67,17Networks_LH_DorsAttnA_SPL_2,-21,-79,45,3,5,5
,68,17Networks_LH_DorsAttnA_SPL_3,-23,-65,46,3,5,5
,69,17Networks_LH_DorsAttnA_SPL_4,-29,-58,50,3,5,5
,70,17Networks_LH_DorsAttnA_SPL_5,-36,-52,56,3,5,5
,71,17Networks_LH_DorsAttnA_SPL_6,-15,-71,57,3,5,5
,72,17Networks_LH_DorsAttnA_SPL_7,-29,-61,62,3,5,5
,73,17Networks_LH_DorsAttnB_PostC_1,-61,-23,33,3,6,6
,74,17Networks_LH_DorsAttnB_PostC_2,-55,-20,41,3,6,6
,75,17Networks_LH_DorsAttnB_PostC_3,-55,-32,45,3,6,6
,76,17Networks_LH_DorsAttnB_PostC_4,-46,-29,44,3,6,6
,77,17Networks_LH_DorsAttnB_PostC_5,-39,-37,49,3,6,6
,78,17Networks_LH_DorsAttnB_PostC_6,-30,-46,63,3,6,6
,79,17Networks_LH_DorsAttnB_PostC_7,-7,-59,63,3,6,6
,80,17Networks_LH_DorsAttnB_PostC_8,-20,-57,66,3,6,6
,81,17Networks_LH_DorsAttnB_PostC_9,-13,-50,72,3,6,6
,82,17Networks_LH_DorsAttnB_FEF_1,-40,-3,51,3,6,6
,83,17Networks_LH_DorsAttnB_FEF_2,-25,-1,55,3,6,6
,84,17Networks_LH_DorsAttnB_FEF_3,-30,-8,52,3,6,6
,85,17Networks_LH_DorsAttnB_PrCv_1,-50,3,38,3,6,6
,86,17Networks_LH_SalVentAttnA_ParOper_1,-55,-32,22,4,7,7
,87,17Networks_LH_SalVentAttnA_ParOper_2,-58,-44,27,4,7,7
,88,17Networks_LH_SalVentAttnA_ParOper_3,-61,-36,33,4,7,7
,89,17Networks_LH_SalVentAttnA_Ins_1,-39,2,-4,4,7,7
,90,17Networks_LH_SalVentAttnA_Ins_2,-40,-15,-2,4,7,7
,91,17Networks_LH_SalVentAttnA_Ins_3,-33,19,8,4,7,7
,92,17Networks_LH_SalVentAttnA_Ins_4,-36,4,11,4,7,7
,93,17Networks_LH_SalVentAttnA_FrOper_1,-50,1,5,4,7,7
,94,17Networks_LH_SalVentAttnA_FrOper_2,-52,9,13,4,7,7
,95,17Networks_LH_SalVentAttnA_ParMed_1,-11,-27,41,4,7,7
,96,17Networks_LH_SalVentAttnA_ParMed_2,-13,-41,47,4,7,7
,97,17Networks_LH_SalVentAttnA_ParMed_3,-6,-49,57,4,7,7
,98,17Networks_LH_SalVentAttnA_FrMed_1,-7,0,41,4,7,7
,99,17Networks_LH_SalVentAttnA_FrMed_2,-5,9,48,4,7,7
,100,17Networks_LH_SalVentAttnA_FrMed_3,-8,-3,71,4,7,7
,101,17Networks_LH_SalVentAttnB_PFCl_1,-38,49,11,4,8,8
,102,17Networks_LH_SalVentAttnB_PFCl_2,-29,43,30,4,8,8
,103,17Networks_LH_SalVentAttnB_PFCl_3,-36,32,38,4,8,8
,104,17Networks_LH_SalVentAttnB_Ins_1,-34,16,-8,4,8,8
,105,17Networks_LH_SalVentAttnB_Ins_2,-33,25,-1,4,8,8
,106,17Networks_LH_SalVentAttnB_Ins_3,-43,12,2,4,8,8
,107,17Networks_LH_SalVentAttnB_OFC_1,-27,49,-14,4,8,8
,108,17Networks_LH_SalVentAttnB_PFCmp_1,-6,22,31,4,8,8
,109,17Networks_LH_LimbicB_OFC_1,-12,25,-21,5,9,9
,110,17Networks_LH_LimbicB_OFC_2,-24,23,-20,5,9,9
,111,17Networks_LH_LimbicB_OFC_3,-10,47,-21,5,9,9
,112,17Networks_LH_LimbicB_OFC_4,-4,23,-19,5,9,9
,113,17Networks_LH_LimbicB_OFC_5,-15,65,-8,5,9,9
,114,17Networks_LH_LimbicA_TempPole_1,-37,-5,-42,5,10,10
,115,17Networks_LH_LimbicA_TempPole_2,-25,6,-39,5,10,10
,116,17Networks_LH_LimbicA_TempPole_3,-26,-9,-33,5,10,10
,117,17Networks_LH_LimbicA_TempPole_4,-54,-21,-31,5,10,10
,118,17Networks_LH_LimbicA_TempPole_5,-40,-21,-27,5,10,10
,119,17Networks_LH_LimbicA_TempPole_6,-32,12,-29,5,10,10
,120,17Networks_LH_LimbicA_TempPole_7,-44,5,-17,5,10,10
,121,17Networks_LH_ContA_Temp_1,-55,-62,-1,6,11,11
,122,17Networks_LH_ContA_IPS_1,-29,-74,42,6,11,11
,123,17Networks_LH_ContA_IPS_2,-58,-42,45,6,11,11
,124,17Networks_LH_ContA_IPS_3,-35,-62,48,6,11,11
,125,17Networks_LH_ContA_IPS_4,-45,-41,47,6,11,11
,126,17Networks_LH_ContA_IPS_5,-33,-46,41,6,11,11
,127,17Networks_LH_ContA_PFCd_1,-21,5,65,6,11,11
,128,17Networks_LH_ContA_PFClv_1,-48,35,10,6,11,11
,129,17Networks_LH_ContA_PFClv_2,-42,38,22,6,11,11
,130,17Networks_LH_ContA_PFCl_1,-49,6,26,6,11,11
,131,17Networks_LH_ContA_PFCl_2,-45,20,27,6,11,11
,132,17Networks_LH_ContA_PFCl_3,-39,7,34,6,11,11
,133,17Networks_LH_ContA_Cingm_1,-3,5,29,6,11,11
,134,17Networks_LH_ContB_Temp_1,-60,-36,-18,6,12,12
,135,17Networks_LH_ContB_Temp_2,-60,-49,-10,6,12,12
,136,17Networks_LH_ContB_IPL_1,-49,-60,47,6,12,12
,137,17Networks_LH_ContB_IPL_2,-53,-50,45,6,12,12
,138,17Networks_LH_ContB_IPL_3,-42,-52,49,6,12,12
,139,17Networks_LH_ContB_PFCd_1,-30,14,57,6,12,12
,140,17Networks_LH_ContB_PFClv_1,-42,49,-6,6,12,12
,141,17Networks_LH_ContB_PFClv_2,-28,58,-1,6,12,12
,142,17Networks_LH_ContB_PFClv_3,-28,57,13,6,12,12
,143,17Networks_LH_ContB_PFCmp_1,-4,28,47,6,12,12
,144,17Networks_LH_ContC_pCun_1,-10,-70,32,6,13,13
,145,17Networks_LH_ContC_pCun_2,-9,-77,45,6,13,13
,146,17Networks_LH_ContC_pCun_3,-5,-64,52,6,13,13
,147,17Networks_LH_ContC_Cingp_1,-6,-41,24,6,13,13
,148,17Networks_LH_ContC_Cingp_2,-4,-22,29,6,13,13
,149,17Networks_LH_DefaultA_IPL_1,-47,-64,31,7,14,14
,150,17Networks_LH_DefaultA_IPL_2,-41,-72,43,7,14,14
,151,17Networks_LH_DefaultA_PFCd_1,-25,28,43,7,14,14
,152,17Networks_LH_DefaultA_PFCd_2,-18,36,48,7,14,14
,153,17Networks_LH_DefaultA_PFCd_3,-22,20,52,7,14,14
,154,17Networks_LH_DefaultA_pCunPCC_1,-4,-53,20,7,14,14
,155,17Networks_LH_DefaultA_pCunPCC_2,-5,-60,30,7,14,14
,156,17Networks_LH_DefaultA_pCunPCC_3,-7,-44,32,7,14,14
,157,17Networks_LH_DefaultA_pCunPCC_4,-4,-34,38,7,14,14
,158,17Networks_LH_DefaultA_pCunPCC_5,-3,-15,37,7,14,14
,159,17Networks_LH_DefaultA_pCunPCC_6,-3,-68,41,7,14,14
,160,17Networks_LH_DefaultA_pCunPCC_7,-7,-51,43,7,14,14
,161,17Networks_LH_DefaultA_PFCm_1,-5,55,-10,7,14,14
,162,17Networks_LH_DefaultA_PFCm_2,-6,35,-9,7,14,14
,163,17Networks_LH_DefaultA_PFCm_3,-6,59,7,7,14,14
,164,17Networks_LH_DefaultA_PFCm_4,-6,45,6,7,14,14
,165,17Networks_LH_DefaultA_PFCm_5,-16,67,8,7,14,14
,166,17Networks_LH_DefaultA_PFCm_6,-5,34,21,7,14,14
,167,17Networks_LH_DefaultB_Temp_1,-44,13,-34,7,15,15
,168,17Networks_LH_DefaultB_Temp_2,-54,-2,-30,7,15,15
,169,17Networks_LH_DefaultB_Temp_3,-62,-18,-21,7,15,15
,170,17Networks_LH_DefaultB_Temp_4,-57,-9,-14,7,15,15
,171,17Networks_LH_DefaultB_Temp_5,-61,-35,-3,7,15,15
,172,17Networks_LH_DefaultB_Temp_6,-52,-22,-6,7,15,15
,173,17Networks_LH_DefaultB_IPL_1,-45,-58,21,7,15,15
,174,17Networks_LH_DefaultB_IPL_2,-57,-55,30,7,15,15
,175,17Networks_LH_DefaultB_PFCd_1,-4,51,28,7,15,15
,176,17Networks_LH_DefaultB_PFCd_2,-14,58,31,7,15,15
,177,17Networks_LH_DefaultB_PFCd_3,-22,51,31,7,15,15
,178,17Networks_LH_DefaultB_PFCd_4,-8,43,51,7,15,15
,179,17Networks_LH_DefaultB_PFCd_5,-13,24,61,7,15,15
,180,17Networks_LH_DefaultB_PFCd_6,-6,10,65,7,15,15
,181,17Networks_LH_DefaultB_PFCl_1,-41,19,48,7,15,15
,182,17Networks_LH_DefaultB_PFCl_2,-42,7,48,7,15,15
,183,17Networks_LH_DefaultB_PFCv_1,-36,22,-16,7,15,15
,184,17Networks_LH_DefaultB_PFCv_2,-36,37,-13,7,15,15
,185,17Networks_LH_DefaultB_PFCv_3,-46,32,-10,7,15,15
,186,17Networks_LH_DefaultB_PFCv_4,-48,28,0,7,15,15
,187,17Networks_LH_DefaultB_PFCv_5,-53,19,11,7,15,15
,188,17Networks_LH_DefaultC_IPL_1,-40,-79,30,7,16,16
,189,17Networks_LH_DefaultC_Rsp_1,-13,-49,4,7,16,16
,190,17Networks_LH_DefaultC_Rsp_2,-8,-52,9,7,16,16
,191,17Networks_LH_DefaultC_Rsp_3,-13,-61,19,7,16,16
,192,17Networks_LH_DefaultC_PHC_1,-21,-21,-26,7,16,16
,193,17Networks_LH_DefaultC_PHC_2,-30,-33,-18,7,16,16
,194,17Networks_LH_DefaultC_PHC_3,-18,-37,-12,7,16,16
,195,17Networks_LH_TempPar_1,-53,6,-11,7,17,17
,196,17Networks_LH_TempPar_2,-61,-13,-3,7,17,17
,197,17Networks_LH_TempPar_3,-62,-32,5,7,17,17
,198,17Networks_LH_TempPar_4,-52,-43,5,7,17,17
,199,17Networks_LH_TempPar_5,-57,-54,10,7,17,17
,200,17Networks_LH_TempPar_6,-59,-49,16,7,17,17
,201,17Networks_RH_VisCent_ExStr_1,36,-53,-17,1,1,18
,202,17Networks_RH_VisCent_ExStr_2,37,-73,-16,1,1,18
,203,17Networks_RH_VisCent_ExStr_3,23,-74,-11,1,1,18
,204,17Networks_RH_VisCent_ExStr_4,20,-88,-13,1,1,18
,205,17Networks_RH_VisCent_ExStr_5,42,-84,-12,1,1,18
,206,17Networks_RH_VisCent_ExStr_6,25,-97,-10,1,1,18
,207,17Networks_RH_VisCent_Striate_1,8,-92,-2,1,1,18
,208,17Networks_RH_VisCent_ExStr_7,35,-89,2,1,1,18
,209,17Networks_RH_VisCent_ExStr_8,24,-99,7,1,1,18
,210,17Networks_RH_VisCent_ExStr_9,43,-79,10,1,1,18
,211,17Networks_RH_VisCent_ExStr_10,13,-94,19,1,1,18
,212,17Networks_RH_VisCent_ExStr_11,27,-87,21,1,1,18
,213,17Networks_RH_VisPeri_ExStrInf_1,26,-52,-9,1,2,19
,214,17Networks_RH_VisPeri_ExStrInf_2,18,-36,-12,1,2,19
,215,17Networks_RH_VisPeri_ExStrInf_3,9,-72,-5,1,2,19
,216,17Networks_RH_VisPeri_ExStrInf_4,13,-58,-3,1,2,19
,217,17Networks_RH_VisPeri_ExStrInf_5,18,-45,-3,1,2,19
,218,17Networks_RH_VisPeri_StriCal_1,9,-74,9,1,2,19
,219,17Networks_RH_VisPeri_StriCal_2,22,-59,6,1,2,19
,220,17Networks_RH_VisPeri_ExStrSup_1,16,-66,19,1,2,19
,221,17Networks_RH_VisPeri_ExStrSup_2,5,-80,24,1,2,19
,222,17Networks_RH_VisPeri_ExStrSup_3,14,-78,34,1,2,19
,223,17Networks_RH_VisPeri_ExStrSup_4,16,-87,36,1,2,19
,224,17Networks_RH_SomMotA_1,54,-17,40,1,3,20
,225,17Networks_RH_SomMotA_2,52,-13,49,2,3,20
,226,17Networks_RH_SomMotA_3,44,-10,49,2,3,20
,227,17Networks_RH_SomMotA_4,49,-26,56,2,3,20
,228,17Networks_RH_SomMotA_5,7,-10,51,2,3,20
,229,17Networks_RH_SomMotA_6,43,-21,54,2,3,20
,230,17Networks_RH_SomMotA_7,37,-20,64,2,3,20
,231,17Networks_RH_SomMotA_8,32,-34,63,2,3,20
,232,17Networks_RH_SomMotA_9,31,-41,64,2,3,20
,233,17Networks_RH_SomMotA_10,34,-27,61,2,3,20
,234,17Networks_RH_SomMotA_11,4,-25,58,2,3,20
,235,17Networks_RH_SomMotA_12,29,-11,65,2,3,20
,236,17Networks_RH_SomMotA_13,9,-40,68,2,3,20
,237,17Networks_RH_SomMotA_14,21,-24,67,2,3,20
,238,17Networks_RH_SomMotA_15,22,-29,68,2,3,20
,239,17Networks_RH_SomMotA_16,22,-35,71,2,3,20
,240,17Networks_RH_SomMotA_17,17,-6,69,2,3,20
,241,17Networks_RH_SomMotA_18,5,-22,72,2,3,20
,242,17Networks_RH_SomMotA_19,17,-18,73,2,3,20
,243,17Networks_RH_SomMotA_20,13,-33,76,2,3,20
,244,17Networks_RH_SomMotB_Aud_1,53,3,-6,2,4,21
,245,17Networks_RH_SomMotB_Aud_2,53,-14,6,2,4,21
,246,17Networks_RH_SomMotB_Ins_1,39,-19,5,2,4,21
,247,17Networks_RH_SomMotB_S2_1,37,-8,14,2,4,21
,248,17Networks_RH_SomMotB_S2_2,35,-21,14,2,4,21
,249,17Networks_RH_SomMotB_Aud_3,60,-24,11,2,4,21
,250,17Networks_RH_SomMotB_S2_3,41,-13,18,2,4,21
,251,17Networks_RH_SomMotB_S2_4,41,-29,18,2,4,21
,252,17Networks_RH_SomMotB_S2_5,50,-10,13,2,4,21
,253,17Networks_RH_SomMotB_S2_6,59,1,10,2,4,21
,254,17Networks_RH_SomMotB_S2_7,49,-21,19,2,4,21
,255,17Networks_RH_SomMotB_S2_8,62,-12,15,2,4,21
,256,17Networks_RH_SomMotB_Cent_1,61,6,30,2,4,21
,257,17Networks_RH_SomMotB_Cent_2,60,-5,27,2,4,21
,258,17Networks_RH_SomMotB_Cent_3,52,-6,37,2,4,21
,259,17Networks_RH_DorsAttnA_TempOcc_1,34,-37,-23,3,5,22
,260,17Networks_RH_DorsAttnA_TempOcc_2,50,-49,-18,3,5,22
,261,17Networks_RH_DorsAttnA_TempOcc_3,50,-64,-9,3,5,22
,262,17Networks_RH_DorsAttnA_ParOcc_1,48,-66,4,3,5,22
,263,17Networks_RH_DorsAttnA_ParOcc_2,54,-56,12,3,5,22
,264,17Networks_RH_DorsAttnA_ParOcc_3,36,-79,24,3,5,22
,265,17Networks_RH_DorsAttnA_SPL_1,29,-78,37,3,5,22
,266,17Networks_RH_DorsAttnA_SPL_2,32,-66,35,3,5,22
,267,17Networks_RH_DorsAttnA_SPL_3,19,-79,50,3,5,22
,268,17Networks_RH_DorsAttnA_SPL_4,31,-64,53,3,5,22
,269,17Networks_RH_DorsAttnA_SPL_5,21,-69,53,3,5,22
,270,17Networks_RH_DorsAttnA_SPL_6,34,-50,54,3,5,22
,271,17Networks_RH_DorsAttnA_SPL_7,27,-58,61,3,5,22
,272,17Networks_RH_DorsAttnA_SPL_8,14,-64,65,3,5,22
,273,17Networks_RH_DorsAttnB_TempOcc_1,59,-55,-2,3,6,23
,274,17Networks_RH_DorsAttnB_PostC_1,61,-14,30,3,6,23
,275,17Networks_RH_DorsAttnB_PostC_2,57,-23,44,3,6,23
,276,17Networks_RH_DorsAttnB_PostC_3,44,-37,50,3,6,23
,277,17Networks_RH_DorsAttnB_PostC_4,45,-28,42,3,6,23
,278,17Networks_RH_DorsAttnB_PostC_5,35,-36,51,3,6,23
,279,17Networks_RH_DorsAttnB_PostC_6,7,-54,59,3,6,23
,280,17Networks_RH_DorsAttnB_PostC_7,24,-50,68,3,6,23
,281,17Networks_RH_DorsAttnB_PostC_8,16,-47,74,3,6,23
,282,17Networks_RH_DorsAttnB_FEF_1,39,-3,53,3,6,23
,283,17Networks_RH_DorsAttnB_FEF_2,27,-3,52,3,6,23
,284,17Networks_RH_DorsAttnB_FEF_3,25,-3,64,3,6,23
,285,17Networks_RH_SalVentAttnA_ParOper_1,58,-31,24,4,7,24
,286,17Networks_RH_SalVentAttnA_ParOper_2,60,-22,22,4,7,24
,287,17Networks_RH_SalVentAttnA_ParOper_3,63,-26,38,4,7,24
,288,17Networks_RH_SalVentAttnA_PrC_1,51,3,41,4,7,24
,289,17Networks_RH_SalVentAttnA_Ins_1,40,5,-15,4,7,24
,290,17Networks_RH_SalVentAttnA_Ins_2,41,8,-3,4,7,24
,291,17Networks_RH_SalVentAttnA_Ins_3,40,-10,-4,4,7,24
,292,17Networks_RH_SalVentAttnA_Ins_4,39,-2,6,4,7,24
,293,17Networks_RH_SalVentAttnA_FrOper_1,38,7,11,4,7,24
,294,17Networks_RH_SalVentAttnA_FrOper_2,49,5,3,4,7,24
,295,17Networks_RH_SalVentAttnA_FrOper_3,54,12,12,4,7,24
,296,17Networks_RH_SalVentAttnA_FrMed_1,7,2,43,4,7,24
,297,17Networks_RH_SalVentAttnA_ParMed_1,11,-17,41,4,7,24
,298,17Networks_RH_SalVentAttnA_ParMed_2,12,-34,43,4,7,24
,299,17Networks_RH_SalVentAttnA_FrMed_2,6,11,58,4,7,24
,300,17Networks_RH_SalVentAttnA_ParMed_3,10,-43,53,4,7,24
,301,17Networks_RH_SalVentAttnA_ParMed_4,11,-32,50,4,7,24
,302,17Networks_RH_SalVentAttnA_FrMed_3,7,-2,67,4,7,24
,303,17Networks_RH_SalVentAttnA_FrMed_4,16,7,69,4,7,24
,304,17Networks_RH_SalVentAttnB_IPL_1,62,-37,37,4,8,25
,305,17Networks_RH_SalVentAttnB_PFClv_1,49,40,5,4,8,25
,306,17Networks_RH_SalVentAttnB_PFCl_1,42,46,14,4,8,25
,307,17Networks_RH_SalVentAttnB_PFCl_2,25,54,25,4,8,25
,308,17Networks_RH_SalVentAttnB_PFCl_3,33,45,28,4,8,25
,309,17Networks_RH_SalVentAttnB_Ins_1,34,21,-8,4,8,25
,310,17Networks_RH_SalVentAttnB_Ins_2,37,23,5,4,8,25
,311,17Networks_RH_SalVentAttnB_PFCmp_1,8,35,25,4,8,25
,312,17Networks_RH_SalVentAttnB_PFCmp_2,7,19,35,4,8,25
,313,17Networks_RH_LimbicB_OFC_1,13,24,-21,5,9,26
,314,17Networks_RH_LimbicB_OFC_2,23,22,-21,5,9,26
,315,17Networks_RH_LimbicB_OFC_3,8,47,-23,5,9,26
,316,17Networks_RH_LimbicB_OFC_4,20,43,-18,5,9,26
,317,17Networks_RH_LimbicB_OFC_5,5,22,-21,5,9,26
,318,17Networks_RH_LimbicB_OFC_6,9,63,-14,5,9,26
,319,17Networks_RH_LimbicA_TempPole_1,28,-1,-40,5,10,27
,320,17Networks_RH_LimbicA_TempPole_2,49,-7,-39,5,10,27
,321,17Networks_RH_LimbicA_TempPole_3,37,17,-38,5,10,27
,322,17Networks_RH_LimbicA_TempPole_4,39,-15,-31,5,10,27
,323,17Networks_RH_LimbicA_TempPole_5,29,12,-30,5,10,27
,324,17Networks_RH_LimbicA_TempPole_6,50,-28,-26,5,10,27
,325,17Networks_RH_ContA_IPS_1,35,-71,47,6,11,28
,326,17Networks_RH_ContA_IPS_2,54,-33,51,6,11,28
,327,17Networks_RH_ContA_IPS_3,47,-44,46,6,11,28
,328,17Networks_RH_ContA_IPS_4,36,-44,45,6,11,28
,329,17Networks_RH_ContA_PFCd_1,24,10,58,6,11,28
,330,17Networks_RH_ContA_PFCl_1,50,30,18,6,11,28
,331,17Networks_RH_ContA_PFCl_2,48,18,23,6,11,28
,332,17Networks_RH_ContA_PFCl_3,47,29,28,6,11,28
,333,17Networks_RH_ContA_PFCl_4,49,8,25,6,11,28
,334,17Networks_RH_ContA_PFCl_5,39,11,34,6,11,28
,335,17Networks_RH_ContA_Cingm_1,5,1,30,6,11,28
,336,17Networks_RH_ContB_Temp_1,62,-28,-20,6,12,29
,337,17Networks_RH_ContB_Temp_2,63,-42,-11,6,12,29
,338,17Networks_RH_ContB_IPL_1,55,-45,33,6,12,29
,339,17Networks_RH_ContB_IPL_2,54,-53,44,6,12,29
,340,17Networks_RH_ContB_IPL_3,56,-41,48,6,12,29
,341,17Networks_RH_ContB_IPL_4,41,-55,48,6,12,29
,342,17Networks_RH_ContB_PFCld_1,39,33,38,6,12,29
,343,17Networks_RH_ContB_PFCld_2,45,19,44,6,12,29
,344,17Networks_RH_ContB_PFCld_3,43,7,51,6,12,29
,345,17Networks_RH_ContB_PFCld_4,34,15,56,6,12,29
,346,17Networks_RH_ContB_PFClv_1,35,38,-13,6,12,29
,347,17Networks_RH_ContB_PFClv_2,28,55,-14,6,12,29
,348,17Networks_RH_ContB_PFClv_3,42,51,-6,6,12,29
,349,17Networks_RH_ContB_PFClv_4,27,59,3,6,12,29
,350,17Networks_RH_ContB_PFCmp_1,5,28,48,6,12,29
,351,17Networks_RH_ContC_pCun_1,17,-63,28,6,13,30
,352,17Networks_RH_ContC_pCun_2,13,-71,39,6,13,30
,353,17Networks_RH_ContC_pCun_3,5,-64,44,6,13,30
,354,17Networks_RH_ContC_pCun_4,7,-50,45,6,13,30
,355,17Networks_RH_ContC_pCun_5,8,-71,53,6,13,30
,356,17Networks_RH_ContC_Cingp_1,7,-44,20,6,13,30
,357,17Networks_RH_ContC_Cingp_2,6,-26,28,6,13,30
,358,17Networks_RH_DefaultA_Temp_1,61,-8,-23,7,14,31
,359,17Networks_RH_DefaultA_IPL_1,53,-53,26,7,14,31
,360,17Networks_RH_DefaultA_IPL_2,47,-64,42,7,14,31
,361,17Networks_RH_DefaultA_PFCd_1,26,34,39,7,14,31
,362,17Networks_RH_DefaultA_PFCd_2,24,26,51,7,14,31
,363,17Networks_RH_DefaultA_pCunPCC_1,6,-52,23,7,14,31
,364,17Networks_RH_DefaultA_pCunPCC_2,5,-63,31,7,14,31
,365,17Networks_RH_DefaultA_pCunPCC_3,7,-39,35,7,14,31
,366,17Networks_RH_DefaultA_pCunPCC_4,4,-20,37,7,14,31
,367,17Networks_RH_DefaultA_pCunPCC_5,10,-53,35,7,14,31
,368,17Networks_RH_DefaultA_PFCm_1,5,41,-11,7,14,31
,369,17Networks_RH_DefaultA_PFCm_2,9,67,1,7,14,31
,370,17Networks_RH_DefaultA_PFCm_3,7,42,4,7,14,31
,371,17Networks_RH_DefaultA_PFCm_4,7,54,13,7,14,31
,372,17Networks_RH_DefaultA_PFCm_5,17,65,16,7,14,31
,373,17Networks_RH_DefaultA_PFCm_6,6,25,18,7,14,31
,374,17Networks_RH_DefaultB_Temp_1,63,-23,-7,7,15,32
,375,17Networks_RH_DefaultB_Temp_2,63,-38,0,7,15,32
,376,17Networks_RH_DefaultB_AntTemp_1,49,9,-33,7,15,32
,377,17Networks_RH_DefaultB_PFCd_1,6,58,29,7,15,32
,378,17Networks_RH_DefaultB_PFCd_2,16,52,36,7,15,32
,379,17Networks_RH_DefaultB_PFCd_3,5,44,40,7,15,32
,380,17Networks_RH_DefaultB_PFCd_4,14,39,52,7,15,32
,381,17Networks_RH_DefaultB_PFCd_5,12,20,63,7,15,32
,382,17Networks_RH_DefaultB_PFCv_1,35,23,-18,7,15,32
,383,17Networks_RH_DefaultB_PFCv_2,48,32,-8,7,15,32
,384,17Networks_RH_DefaultB_PFCv_3,54,24,6,7,15,32
,385,17Networks_RH_DefaultC_IPL_1,48,-64,22,7,16,33
,386,17Networks_RH_DefaultC_IPL_2,45,-75,31,7,16,33
,387,17Networks_RH_DefaultC_Rsp_1,14,-46,4,7,16,33
,388,17Networks_RH_DefaultC_Rsp_2,12,-55,15,7,16,33
,389,17Networks_RH_DefaultC_PHC_1,23,-18,-27,7,16,33
,390,17Networks_RH_DefaultC_PHC_2,31,-31,-18,7,16,33
,391,17Networks_RH_TempPar_1,47,16,-20,7,17,34
,392,17Networks_RH_TempPar_2,55,-4,-14,7,17,34
,393,17Networks_RH_TempPar_3,49,-20,-8,7,17,34
,394,17Networks_RH_TempPar_4,62,-19,0,7,17,34
,395,17Networks_RH_TempPar_5,50,-33,2,7,17,34
,396,17Networks_RH_TempPar_6,59,-46,7,7,17,34
,397,17Networks_RH_TempPar_7,51,-41,13,7,17,34
,398,17Networks_RH_TempPar_8,65,-34,11,7,17,34
,399,17Networks_RH_TempPar_9,55,-46,19,7,17,34
,400,17Networks_RH_TempPar_10,62,-40,22,7,17,34
